bookmaker,market,player,side,line,odds,implied_prob,fair_prob_over,fair_prob_under,fair_prob,ev,flag
DraftKings,player_points,Deni Avdija,under,25.5,1.83,0.5464480874316939,0.4326241134751773,0.5673758865248226,0.5673758865248226,0.038297872340425476,
Bovada,player_points,Deni Avdija,over,25.5,2.4,0.4166666666666667,0.4326241134751773,0.5673758865248226,0.4326241134751773,0.038297872340425476,
DraftKings,player_rebounds,Shaedon Sharpe,under,6.5,1.77,0.5649717514124294,0.4194312796208531,0.580568720379147,0.580568720379147,0.02760663507109018,
ESPN BET,player_rebounds,Shaedon Sharpe,under,6.5,1.77,0.5649717514124294,0.4194312796208531,0.580568720379147,0.580568720379147,0.02760663507109018,
Bovada,player_rebounds,Shaedon Sharpe,over,6.5,2.45,0.4081632653061224,0.4194312796208531,0.580568720379147,0.4194312796208531,0.02760663507109018,
DraftKings,player_points,Toumani Camara,under,13.5,1.95,0.5128205128205129,0.4756097560975609,0.524390243902439,0.524390243902439,0.022560975609756007,
Bovada,player_points,Toumani Camara,over,13.5,2.15,0.46511627906976744,0.4756097560975609,0.524390243902439,0.4756097560975609,0.022560975609755785,
