bookmaker,market,player,side,line,odds,implied_prob,fair_prob_over,fair_prob,ev,flag
Fanatics,player_points,Kawhi Leonard,under,27.5,2.1,0.47619047619047616,0.47191011235955055,0.5280898876404494,0.10898876404494384,🔥 VALUE
Hard Rock Bet,player_points,Kawhi Leonard,over,27.5,2.35,0.425531914893617,0.47191011235955055,0.47191011235955055,0.10898876404494384,🔥 VALUE
